{"playerData":{"playerStats":[-50.0,1989.0,95.0],"playerPositionAndRotation":[109.98409271240235,44.36406707763672,112.76791381835938,0.2733008861541748,0.5221023559570313,-0.18123692274093629],"inventoryContent":["Stone","Stone"],"quickSlotContent":["Axe"]},"environmentData":{"pickedupItems":["Stick0003","Stick0002","Stone0002","Stick0001","Stone0001","Stone0008","Stone0003","Stone0006"]}}